{"cameraMode":{"drawMode":0,"name":"Shaded","section":"Shading Mode"},"sceneLighting":true,"audioPlay":false,"sceneViewState":{"m_AlwaysRefresh":false,"showFog":true,"showSkybox":true,"showFlares":true,"showImageEffects":true,"showParticleSystems":true,"showVisualEffectGraphs":true,"m_FxEnabled":true},"in2DMode":false,"pivot":{"x":0.017158299684524537,"y":0.07577596604824066,"z":-0.030791878700256349},"rotation":{"x":0.19537818431854249,"y":0.5613593459129334,"z":-0.1384499967098236,"w":0.792173445224762},"size":4.466025352478027,"orthographic":false}