{"cameraMode":{"drawMode":0,"name":"Shaded","section":"Shading Mode"},"sceneLighting":true,"audioPlay":false,"sceneViewState":{"m_AlwaysRefresh":false,"showFog":true,"showSkybox":true,"showFlares":true,"showImageEffects":true,"showParticleSystems":true,"showVisualEffectGraphs":true,"m_FxEnabled":true},"in2DMode":false,"pivot":{"x":0.11730436980724335,"y":0.9811068773269653,"z":-0.0035244226455688478},"rotation":{"x":0.0014990954659879208,"y":0.034493133425712588,"z":-0.00005173843601369299,"w":0.9994038939476013},"size":0.663500189781189,"orthographic":false}