{"cameraMode":{"drawMode":0,"name":"Shaded","section":"Shading Mode"},"sceneLighting":true,"audioPlay":false,"sceneViewState":{"m_AlwaysRefresh":false,"showFog":true,"showSkybox":true,"showFlares":true,"showImageEffects":true,"showParticleSystems":true,"showVisualEffectGraphs":true,"m_FxEnabled":true},"in2DMode":false,"pivot":{"x":0.1502971351146698,"y":1.2636431455612183,"z":-0.0049936771392822269},"rotation":{"x":0.0014990954659879208,"y":0.034493133425712588,"z":-0.00005173843601369299,"w":0.9994038939476013},"size":0.9635002017021179,"orthographic":false}