{"cameraMode":{"drawMode":0,"name":"Shaded","section":"Shading Mode"},"sceneLighting":true,"audioPlay":false,"sceneViewState":{"m_AlwaysRefresh":false,"showFog":true,"showSkybox":true,"showFlares":true,"showImageEffects":true,"showParticleSystems":true,"showVisualEffectGraphs":true,"m_FxEnabled":true},"in2DMode":false,"pivot":{"x":-0.028165705502033235,"y":-0.02899414300918579,"z":0.034631043672561648},"rotation":{"x":-0.014317546971142292,"y":0.8985239863395691,"z":-0.4377095103263855,"w":-0.029391413554549218},"size":1.4660253524780274,"orthographic":false}